VG,C
-2.000000e+00,nan
-1.555556e+00,nan
-1.111111e+00,nan
-6.666667e-01,nan
-2.222222e-01,nan
2.222222e-01,nan
6.666667e-01,nan
1.111111e+00,nan
1.555556e+00,nan
2.000000e+00,nan
